arch,seed,checkpoint,training,condition,acc,sens,spec,auc,acc_lo,acc_hi,sens_lo,sens_hi,spec_lo,spec_hi,auc_lo,auc_hi
compact,0,compact_faithful_s0,clean,clean,99.04761904761905,94.28571428571429,100.0,0.9943265306122449,97.85714285714286,99.76190476190476,87.93103448275862,98.70171495171495,100.0,100.0,0.9864469879974253,0.9998245471581652
compact,0,compact_faithful_s0,clean,phone_all,43.80952380952381,64.28571428571429,39.714285714285715,0.5026938775510205,39.285714285714285,48.80952380952381,51.91911764705882,75.0,34.61510263929618,45.25246467302004,0.42377873744663797,0.5819908132780571
compact,0,compact_faithful_s0,clean,only_brightness,79.28571428571429,88.57142857142857,77.42857142857143,0.901673469387755,75.47619047619048,83.0952380952381,80.81749889527177,95.65217391304348,73.23754674942309,81.68189316076639,0.8684434719413548,0.9332881378686385
compact,0,compact_faithful_s0,clean,only_blur,20.476190476190474,100.0,4.571428571428571,0.9091020408163265,16.666666666666668,24.523809523809526,100.0,100.0,2.5710633116883117,6.761040821198376,0.8594870552387621,0.9506609042200471
compact,0,compact_faithful_s0,clean,only_moire,61.904761904761905,48.57142857142857,64.57142857142857,0.5643469387755102,56.904761904761905,66.19047619047619,36.507400257400256,60.349364791288565,59.482176141658904,69.45526876331287,0.4855409378228406,0.6425727218499153
compact,0,compact_faithful_s0,clean,only_rotation,56.42857142857143,100.0,47.714285714285715,0.973265306122449,51.666666666666664,61.19047619047619,100.0,100.0,42.570523138832996,53.055697278911566,0.9491186905215074,0.9911163831135539
compact,0,compact_faithful_s0,clean,only_glare,85.47619047619048,98.57142857142857,82.85714285714286,0.9846530612244898,81.9047619047619,88.80952380952381,95.16129032258064,100.0,78.57091097308488,86.76954022988507,0.9676215389337203,0.9956721785438039
compact,0,compact_phoneft_s0,phone_augmented,clean,88.80952380952381,35.714285714285715,99.42857142857143,0.8629795918367347,85.47619047619048,91.9047619047619,24.991438356164384,46.97192513368984,98.52941176470588,100.0,0.8129974694352443,0.9055095823051442
compact,0,compact_phoneft_s0,phone_augmented,phone_all,86.19047619047619,25.714285714285715,98.28571428571429,0.8175510204081633,83.08928571428572,89.52380952380952,16.0,36.25284090909091,96.8009064951149,99.43506803533063,0.758981570235985,0.8724701498828134
compact,1,compact_faithful_s1,clean,clean,99.28571428571429,97.14285714285714,99.71428571428571,0.9991020408163266,98.33333333333333,100.0,92.3076923076923,100.0,99.12010484519763,100.0,0.9971159211320823,1.0
compact,1,compact_faithful_s1,clean,phone_all,41.42857142857143,61.42857142857143,37.42857142857143,0.5101020408163266,36.666666666666664,45.95238095238095,48.64771021021021,73.01739926739926,32.35732143895409,42.492917847025495,0.4335809152109524,0.5830418830515298
compact,1,compact_faithful_s1,clean,only_brightness,80.0,97.14285714285714,76.57142857142857,0.9438367346938776,76.19047619047619,83.57142857142857,92.85455486542443,100.0,72.11185345692388,80.72651415639292,0.9191444380019935,0.9664628969725243
compact,1,compact_faithful_s1,clean,only_blur,17.38095238095238,100.0,0.8571428571428571,0.8858775510204081,13.80952380952381,21.19047619047619,100.0,100.0,0.0,2.046783625730994,0.8356801412913966,0.9339048331736909
compact,1,compact_faithful_s1,clean,only_moire,56.904761904761905,57.142857142857146,56.857142857142854,0.6176938775510205,51.904761904761905,61.666666666666664,45.896073669297714,68.6571659773422,51.96353524954007,61.93251408173958,0.5403684216456262,0.6915143565931988
compact,1,compact_faithful_s1,clean,only_rotation,31.904761904761905,100.0,18.285714285714285,0.9904489795918368,27.38095238095238,36.666666666666664,100.0,100.0,14.483752475794423,22.802318295739347,0.9815753963483045,0.9967888584211286
compact,1,compact_faithful_s1,clean,only_glare,85.47619047619048,98.57142857142857,82.85714285714286,0.992,82.13690476190476,88.80952380952381,95.16129032258064,100.0,78.90061932287365,86.76108952565971,0.9786823728749385,0.9991380122060475
compact,1,compact_phoneft_s1,phone_augmented,clean,87.38095238095238,25.714285714285715,99.71428571428571,0.8800816326530613,83.80952380952381,90.71428571428571,15.789473684210526,35.82280903176425,99.12023460410558,100.0,0.8297280621614667,0.9207396622267527
compact,1,compact_phoneft_s1,phone_augmented,phone_all,87.14285714285714,32.857142857142854,98.0,0.8322857142857143,84.04761904761905,90.47619047619048,21.86866554054054,44.071870925684486,96.40758236996456,99.17366693082758,0.7757406515320101,0.8861161056322259
compact,2,compact_faithful_s2,clean,clean,99.04761904761905,95.71428571428571,99.71428571428571,0.9966530612244898,98.0952380952381,99.76190476190476,90.41095890410959,100.0,99.12003938989051,100.0,0.9884883796493609,1.0
compact,2,compact_faithful_s2,clean,phone_all,52.142857142857146,44.285714285714285,53.714285714285715,0.5209183673469389,47.61904761904762,56.904761904761905,32.35056925996205,56.062599681020735,48.44192634560906,59.18556311413454,0.44669055773488525,0.5889122335161731
compact,2,compact_faithful_s2,clean,only_brightness,86.42857142857143,97.14285714285714,84.28571428571429,0.9627755102040817,82.85714285714286,89.52380952380952,92.53731343283582,100.0,80.28561368209256,87.92159046881055,0.9379809612356115,0.9810959144249957
compact,2,compact_faithful_s2,clean,only_blur,18.333333333333332,100.0,2.0,0.8864897959183673,14.523809523809524,22.14880952380952,100.0,100.0,0.5951500422654269,3.5626304405570512,0.8302321303535138,0.9356344603778244
compact,2,compact_faithful_s2,clean,only_moire,65.71428571428571,34.285714285714285,72.0,0.5854285714285714,60.95238095238095,70.23809523809524,23.606770833333332,45.59138655462184,67.50682773109244,76.35406543569809,0.5086841403810664,0.658845470781562
compact,2,compact_faithful_s2,clean,only_rotation,49.04761904761905,100.0,38.857142857142854,0.9913877551020408,44.517857142857146,54.285714285714285,100.0,100.0,33.714285714285715,44.3478874969295,0.9828782919383554,0.9972068494550047
compact,2,compact_faithful_s2,clean,only_glare,90.47619047619048,98.57142857142857,88.85714285714286,0.9880816326530613,87.38095238095238,93.0952380952381,95.16129032258064,100.0,85.37923472474289,91.96434754649782,0.9670176953360894,0.9987896297793324
compact,2,compact_phoneft_s2,phone_augmented,clean,88.33333333333333,38.57142857142857,98.28571428571429,0.8311020408163265,85.0,91.42857142857143,27.586206896551722,50.667605633802815,96.83885272781477,99.44448291782086,0.7692723278948795,0.8841303514068714
compact,2,compact_phoneft_s2,phone_augmented,phone_all,85.95238095238095,27.142857142857142,97.71428571428571,0.8400408163265306,82.61904761904762,89.28571428571429,16.895539906103284,37.31809701492537,96.01111111111112,99.14535984848484,0.783376856362884,0.8880826180659671
compact,3,compact_faithful_s3,clean,clean,99.28571428571429,97.14285714285714,99.71428571428571,0.9976326530612245,98.33333333333333,100.0,92.3076923076923,100.0,99.12023460410558,100.0,0.9926832245967396,1.0
compact,3,compact_faithful_s3,clean,phone_all,43.095238095238095,57.142857142857146,40.285714285714285,0.4881836734693878,37.857142857142854,48.095238095238095,45.44721407624633,68.6610777282419,35.0974930362117,45.61416759421212,0.41138342700723396,0.5684732485942741
compact,3,compact_faithful_s3,clean,only_brightness,80.95238095238095,92.85714285714286,78.57142857142857,0.9318775510204081,77.38095238095238,84.76190476190476,86.43875192604006,98.52994458653026,74.47932654592586,82.72052359089577,0.9039374288287803,0.9573386205097014
compact,3,compact_faithful_s3,clean,only_blur,20.476190476190474,100.0,4.571428571428571,0.8454081632653061,16.666666666666668,24.523809523809526,100.0,100.0,2.5787965616045847,6.983586331579718,0.7872123418758366,0.9009641717782618
compact,3,compact_faithful_s3,clean,only_moire,57.61904761904762,54.285714285714285,58.285714285714285,0.5594285714285715,52.61904761904762,62.61904761904762,42.42424242424242,65.75432588320116,53.23793047301148,63.35542243083004,0.47823425223930555,0.6395706340734917
compact,3,compact_faithful_s3,clean,only_rotation,53.57142857142857,100.0,44.285714285714285,0.9805714285714285,48.80952380952381,58.57142857142857,100.0,100.0,39.10526757639588,49.589839996156066,0.9656129486113081,0.992081637719289
compact,3,compact_faithful_s3,clean,only_glare,83.57142857142857,98.57142857142857,80.57142857142857,0.9840408163265306,79.28571428571429,86.91071428571428,95.16129032258064,100.0,75.73037466547726,84.68562312312312,0.9645582047363049,0.9962173538266534
compact,3,compact_phoneft_s3,phone_augmented,clean,88.80952380952381,41.42857142857143,98.28571428571429,0.8706938775510205,85.47619047619048,91.9047619047619,30.130688080617226,53.85416666666666,96.82904697490358,99.44134078212291,0.8165125489007641,0.9159070059388504
compact,3,compact_phoneft_s3,phone_augmented,phone_all,86.19047619047619,31.428571428571427,97.14285714285714,0.8390612244897959,83.0952380952381,89.52380952380952,20.688286808976464,42.04900568181818,95.26623098350117,98.80300981614484,0.7828594786316627,0.8876355285437579
compact,4,compact_faithful_s4,clean,clean,97.38095238095238,94.28571428571429,98.0,0.9913469387755103,95.71428571428571,98.80952380952381,88.33279220779221,98.68463773069037,96.51111791105672,99.39434164655404,0.9808514464818261,0.9986279461152352
compact,4,compact_faithful_s4,clean,phone_all,51.904761904761905,58.57142857142857,50.57142857142857,0.5610408163265307,47.38095238095238,56.19047619047619,46.478873239436616,69.74342105263158,45.64983804659275,55.655438311688314,0.4871557447050772,0.6371366107172067
compact,4,compact_faithful_s4,clean,only_brightness,69.28571428571429,77.14285714285714,67.71428571428571,0.7913673469387755,64.99404761904762,73.80952380952381,66.66666666666667,86.56716417910448,63.08539944903581,72.88135593220339,0.7419616676093347,0.8364715657796102
compact,4,compact_faithful_s4,clean,only_blur,24.285714285714285,100.0,9.142857142857142,0.9246122448979592,20.238095238095237,28.571428571428573,100.0,100.0,6.267361111111112,12.250712250712251,0.8858065680103564,0.9595802684910345
compact,4,compact_faithful_s4,clean,only_moire,73.33333333333333,28.571428571428573,82.28571428571429,0.6158367346938776,69.04761904761905,77.61904761904762,18.46153846153846,39.43754633061527,78.2122905027933,86.07260144973411,0.5396711712237938,0.6891411090602136
compact,4,compact_faithful_s4,clean,only_rotation,71.42857142857143,97.14285714285714,66.28571428571429,0.9767346938775511,67.38095238095238,75.71428571428571,92.3076923076923,100.0,61.39700566828226,71.34928882249788,0.9569040107701435,0.9917001077717142
compact,4,compact_faithful_s4,clean,only_glare,58.80952380952381,98.57142857142857,50.857142857142854,0.9442857142857144,53.80952380952381,63.57142857142857,95.16129032258064,100.0,45.01353072269978,56.182423756019254,0.9162684908494305,0.9676056042987569
compact,4,compact_phoneft_s4,phone_augmented,clean,90.47619047619048,48.57142857142857,98.85714285714286,0.9081632653061225,87.61904761904762,93.33333333333333,36.616923764811084,60.87126358695652,97.70081722144708,99.72224145891045,0.8629697076368079,0.9431605033030213
compact,4,compact_phoneft_s4,phone_augmented,phone_all,85.23809523809524,42.857142857142854,93.71428571428571,0.8029795918367346,81.42857142857143,88.57738095238095,32.0,54.38995215311004,90.82647843485995,96.16524473283665,0.7364249311654117,0.8618338014619802
full,0,full_faithful_s0,clean,clean,87.38095238095238,94.28571428571429,86.0,0.9770612244897959,84.04761904761905,90.47619047619048,88.30977845683728,98.66666666666667,82.10921282414577,89.42857142857143,0.9603440428542195,0.9903092197550958
full,0,full_faithful_s0,clean,phone_all,37.61904761904762,92.85714285714286,26.571428571428573,0.7080816326530612,33.095238095238095,42.38095238095238,86.29768177028451,98.48541383989145,22.156595887406798,31.3394538606403,0.638907767219089,0.773595279233379
full,0,full_faithful_s0,clean,only_brightness,63.80952380952381,84.28571428571429,59.714285714285715,0.7872857142857143,59.285714285714285,68.57142857142857,76.26916868442292,92.54530916844348,54.43732193732193,64.76017197280743,0.734445901932605,0.8371398403895413
full,0,full_faithful_s0,clean,only_blur,57.61904761904762,98.57142857142857,49.42857142857143,0.9429795918367346,52.61904761904762,62.38095238095238,95.23617511520737,100.0,44.134078212290504,54.36681562462594,0.9103537267005785,0.9708103438305283
full,0,full_faithful_s0,clean,only_moire,57.857142857142854,94.28571428571429,50.57142857142857,0.8671632653061225,53.089285714285715,62.61904761904762,88.56644518272425,98.6671052631579,45.32429136564024,55.49452269170579,0.8163067027869518,0.912991847935752
full,0,full_faithful_s0,clean,only_rotation,77.85714285714286,95.71428571428571,74.28571428571429,0.9740000000000001,73.80357142857143,81.66666666666667,90.35650799920995,100.0,69.68750511716254,78.61518595877656,0.9535833073870076,0.9899533787394512
full,0,full_faithful_s0,clean,only_glare,39.523809523809526,100.0,27.428571428571427,0.9308163265306123,34.76190476190476,44.76190476190476,100.0,100.0,22.61878881987578,32.55149014526359,0.8940671349216429,0.9596354596439324
full,0,full_phoneft_s0,phone_augmented,clean,90.23809523809524,60.0,96.28571428571429,0.9248163265306123,87.38095238095238,93.0952380952381,49.253157290470725,71.42857142857143,94.22479224133387,98.03398248697508,0.889328957774055,0.9569768053054554
full,0,full_phoneft_s0,phone_augmented,phone_all,86.66666666666667,74.28571428571429,89.14285714285714,0.8878367346938776,83.0952380952381,90.0,63.998360655737706,84.05969634230503,85.51045105383444,92.41573033707866,0.841254008646348,0.9263811590108735
full,1,full_faithful_s1,clean,clean,94.52380952380952,84.28571428571429,96.57142857142857,0.9689795918367347,92.14285714285714,96.42857142857143,75.94718463553035,92.54272117672507,94.58598244020587,98.35671973343207,0.942822583180377,0.9883716303140166
full,1,full_faithful_s1,clean,phone_all,40.476190476190474,85.71428571428571,31.428571428571427,0.6665714285714286,35.95238095238095,45.476190476190474,76.80536684782608,93.59126984126983,26.62837748289515,36.33786997885835,0.5998736384618033,0.7275645776805363
full,1,full_faithful_s1,clean,only_brightness,65.23809523809524,71.42857142857143,64.0,0.7257755102040816,60.714285714285715,69.76190476190476,60.869565217391305,82.54285714285714,59.40927861115793,68.8055112777608,0.6600639809677441,0.7888225375159642
full,1,full_faithful_s1,clean,only_blur,69.04761904761905,92.85714285714286,64.28571428571429,0.9198571428571428,64.76190476190476,73.80952380952381,86.15384615384616,98.48596256684492,59.648007731192386,69.61361585587868,0.8743748860102833,0.9591909633171452
full,1,full_faithful_s1,clean,only_moire,77.14285714285714,87.14285714285714,75.14285714285714,0.8714081632653061,73.0952380952381,81.19047619047619,78.94338118022328,94.73684210526316,70.61978059989129,79.72346866096866,0.8162042648644114,0.9219141804693574
full,1,full_faithful_s1,clean,only_rotation,87.38095238095238,87.14285714285714,87.42857142857143,0.9413061224489796,84.28571428571429,90.47619047619048,79.4510475423046,94.11764705882354,84.12209976331171,90.80525639758916,0.9029259018395329,0.9740100635776411
full,1,full_faithful_s1,clean,only_glare,44.76190476190476,100.0,33.714285714285715,0.8963469387755102,39.99404761904762,49.523809523809526,100.0,100.0,28.77592540147931,38.6370243128964,0.8650581143632349,0.9268426046365512
full,1,full_phoneft_s1,phone_augmented,clean,91.9047619047619,55.714285714285715,99.14285714285714,0.941469387755102,89.04761904761905,94.52380952380952,44.59084084084084,67.24137931034483,98.05528398510242,100.0,0.9075364383335397,0.9676914086281561
full,1,full_phoneft_s1,phone_augmented,phone_all,88.57142857142857,72.85714285714286,91.71428571428571,0.8885714285714286,85.47619047619048,91.66666666666667,61.97015425888666,82.61379076086955,88.73606523534269,94.58689458689459,0.8356234193017874,0.9323693419041514
full,2,full_faithful_s2,clean,clean,88.80952380952381,85.71428571428571,89.42857142857143,0.9567755102040816,85.71428571428571,91.66666666666667,76.47058823529412,93.42159188955996,85.92364832979405,92.55037778005185,0.9285668164630448,0.9810080205211962
full,2,full_faithful_s2,clean,phone_all,38.57142857142857,92.85714285714286,27.714285714285715,0.6800816326530612,34.04761904761905,43.333333333333336,86.36207970112079,98.46212121212122,23.099394613293796,32.314234138902286,0.6129558138530065,0.7419864734299517
full,2,full_faithful_s2,clean,only_brightness,60.476190476190474,78.57142857142857,56.857142857142854,0.7355306122448979,55.95238095238095,65.0,69.33333333333333,88.23774509803921,52.04590139140956,61.93181818181818,0.6773520569341983,0.7928239556582777
full,2,full_faithful_s2,clean,only_blur,77.38095238095238,88.57142857142857,75.14285714285714,0.9290612244897959,73.33333333333333,81.19047619047619,79.9927536231884,95.31430288461539,70.7374118338558,79.49048913043478,0.8851768383942624,0.9641347396273848
full,2,full_faithful_s2,clean,only_moire,56.19047619047619,90.0,49.42857142857143,0.8499591836734695,51.42857142857143,60.95238095238095,81.81818181818181,96.1556603773585,44.191985363550515,54.7267156862745,0.793227825408231,0.8985831966269047
full,2,full_faithful_s2,clean,only_rotation,82.14285714285714,90.0,80.57142857142857,0.942530612244898,78.0952380952381,85.71428571428571,81.9662255579696,96.49274047186933,76.13636363636364,84.83210272873194,0.9060673753345233,0.9721636692067686
full,2,full_faithful_s2,clean,only_glare,45.714285714285715,98.57142857142857,35.142857142857146,0.9069183673469388,40.714285714285715,50.714285714285715,94.93398079441292,100.0,30.250108664155317,40.63510477213892,0.8665529063593204,0.944086213005317
full,2,full_phoneft_s2,phone_augmented,clean,88.80952380952381,58.57142857142857,94.85714285714286,0.9011836734693878,85.47619047619048,91.9047619047619,46.75108225108225,68.921298058622,92.2856930902925,97.15140069247718,0.8549295104312598,0.9380594828932979
full,2,full_phoneft_s2,phone_augmented,phone_all,79.52380952380952,74.28571428571429,80.57142857142857,0.8606938775510206,75.71428571428571,83.57142857142857,63.63636363636363,84.21052631578948,76.3156082354647,84.59511434511434,0.8108838576318,0.9077128328342253
full,3,full_faithful_s3,clean,clean,93.0952380952381,90.0,93.71428571428571,0.9796734693877551,90.71428571428571,95.47619047619048,82.34891216760677,96.10514485514486,91.19318181818181,96.14271855740698,0.9641471530586175,0.9917360195486697
full,3,full_faithful_s3,clean,phone_all,40.0,87.14285714285714,30.571428571428573,0.7188163265306122,35.476190476190474,45.0,78.86862156545831,94.2877263581489,25.936599423631122,35.40059827994515,0.6486024664441948,0.7856701974392958
full,3,full_faithful_s3,clean,only_brightness,65.0,77.14285714285714,62.57142857142857,0.7725102040816326,60.476190476190474,69.52380952380952,67.12283705839943,86.56965174129353,57.680052624984334,67.60624440283318,0.7160624642821015,0.8255873295848764
full,3,full_faithful_s3,clean,only_blur,82.85714285714286,94.28571428571429,80.57142857142857,0.9581224489795919,79.04761904761905,86.66666666666667,87.87776412776412,98.7012987012987,76.21742006704709,84.83345522239212,0.9299651809434868,0.9806212408678231
full,3,full_faithful_s3,clean,only_moire,79.28571428571429,82.85714285714286,78.57142857142857,0.8918775510204081,75.71428571428571,83.33333333333333,72.6027397260274,91.04806848112379,74.63408607995257,82.91316526610645,0.8413794604742477,0.9373339321524063
full,3,full_faithful_s3,clean,only_rotation,89.28571428571429,91.42857142857143,88.85714285714286,0.965265306122449,86.66666666666667,92.14285714285714,84.52339034205231,97.29729729729729,85.67333149013892,92.00082417582418,0.9396716334308449,0.9854572111606454
full,3,full_faithful_s3,clean,only_glare,43.333333333333336,100.0,32.0,0.9327551020408164,38.333333333333336,48.095238095238095,100.0,100.0,26.89045271287706,37.089285714285715,0.9023774876398536,0.9584966390024361
full,3,full_phoneft_s3,phone_augmented,clean,92.38095238095238,67.14285714285714,97.42857142857143,0.9368571428571428,89.76190476190476,94.76190476190476,55.1268115942029,77.94470185334407,95.60019694945252,98.86685552407933,0.9030313511705141,0.9651084172624527
full,3,full_phoneft_s3,phone_augmented,phone_all,87.61904761904762,67.14285714285714,91.71428571428571,0.9216326530612245,84.04761904761905,90.95238095238095,55.73770491803279,78.48101265822785,88.59586466165413,94.50867052023122,0.8868051557673345,0.9512295918367346
full,4,full_faithful_s4,clean,clean,96.9047619047619,87.14285714285714,98.85714285714286,0.9828979591836735,95.23809523809524,98.33333333333333,79.16511194029852,94.44444444444444,97.48568043437324,99.72067039106145,0.9688096716947648,0.9939518522023594
full,4,full_faithful_s4,clean,phone_all,46.42857142857143,84.28571428571429,38.857142857142854,0.7064897959183674,41.898809523809526,51.42857142857143,74.62560080951177,92.53731343283582,33.9711137581894,44.220222455771584,0.6304478263076332,0.7761666114621363
full,4,full_faithful_s4,clean,only_brightness,70.47619047619048,74.28571428571429,69.71428571428571,0.8272244897959184,65.95238095238095,74.5297619047619,64.1015625,84.48336571151044,65.1092378292099,74.45160455486541,0.7768981262047474,0.8756672676965256
full,4,full_faithful_s4,clean,only_blur,74.76190476190476,95.71428571428571,70.57142857142857,0.9543265306122449,70.47619047619048,79.04761904761905,89.85507246376811,100.0,65.69732371095455,75.62344328313043,0.9271724025104142,0.9784079303474673
full,4,full_faithful_s4,clean,only_moire,80.47619047619048,75.71428571428571,81.42857142857143,0.843591836734694,76.42857142857143,84.28571428571429,65.1443488943489,85.71428571428571,77.05382436260624,85.31093009061458,0.7828115460875134,0.8972916221025645
full,4,full_faithful_s4,clean,only_rotation,93.0952380952381,94.28571428571429,92.85714285714286,0.979591836734694,90.71428571428571,95.47619047619048,88.13369592714395,98.73417721518987,90.11901871931812,95.46806048757132,0.9561729468599033,0.9961297170100373
full,4,full_faithful_s4,clean,only_glare,46.904761904761905,98.57142857142857,36.57142857142857,0.9371224489795918,41.904761904761905,51.904761904761905,95.3125,100.0,31.24778682719547,41.80870592968868,0.9064306386092977,0.9626073478935154
full,4,full_phoneft_s4,phone_augmented,clean,91.9047619047619,68.57142857142857,96.57142857142857,0.9366530612244898,89.28571428571429,94.52380952380952,56.92307692307692,79.72972972972973,94.57103970528038,98.31056142951894,0.9003545166240943,0.96543928987531
full,4,full_phoneft_s4,phone_augmented,phone_all,83.57142857142857,65.71428571428571,87.14285714285714,0.8714693877551021,80.0,87.14285714285714,53.94483805668016,76.92857142857142,83.71326530612244,90.31339031339031,0.8149357084563332,0.9193722721130461
